mean,std,rms,peak,skewness,kurtosis,label
0.015750576288828592,0.1336768542272595,0.13460156763398484,0.4817825948103792,0.011874715644123289,-0.0980282311556171,1
0.015344885034618262,0.14004591270451053,0.14088407703486236,0.5090716966067864,-0.00873975363334023,0.07595485409239933,1
0.015279530275386725,0.13895812441985705,0.1397956522489914,0.5090716966067864,-0.0031069649639202204,0.07872343966337558,1
0.015305624590662426,0.12859533083207977,0.12950297778785758,0.40608782435129737,-0.009985890956531143,-0.25312201430295245,1
0.015259146570140967,0.13271306792679122,0.13358742438040397,0.432239880239521,-0.023236706386957177,-0.3972051303482469,1
0.015253435960111028,0.13828671194328312,0.13912541826953756,0.5204421556886227,-0.05529987383679874,-0.06165914963612584,1
0.014884942985123504,0.1392516190689811,0.14004490330248723,0.5204421556886227,-0.0669872236275537,0.09746555992163941,1
0.015042777901228791,0.13877257905387697,0.13958550735749836,0.48763025948103794,-0.039285082254778544,-0.09050802720126239,1
0.015225596736215069,0.1405850715955473,0.14140714674831326,0.48763025948103794,-0.04761407898428871,-0.13518668305174053,1
0.015290158355164672,0.14304187936421212,0.1438567627696794,0.5258025149700598,-0.036245598157316324,-0.022846159004327404,1
0.015113288072292914,0.14310547598721085,0.1439013159560478,0.5258025149700598,-0.028201794821090573,0.12183240452656419,1
0.014856548563030189,0.1408816900248897,0.14166286605696915,0.475447624750499,-0.03852018334405159,0.18011301364331933,1
0.014910402788173653,0.1383127668807996,0.13911413153784194,0.475447624750499,-0.039909668779775996,-0.039853186872464086,1
0.014774299915793414,0.1381819403704569,0.13896952393437317,0.40998626746506983,-0.0337361106772366,-0.2865926145034088,1
0.015110829337418913,0.13338428981561495,0.13423749823682116,0.4564427145708583,-0.07644258206095778,0.004967353092127702,1
0.015168807892028444,0.13001593321021687,0.13089780602205997,0.46553908183632736,-0.06912405823777018,0.1136314169809518,1
0.0148341026930514,0.12786482618415512,0.12872243152540352,0.46553908183632736,-0.0010324761348375522,-0.11832357886729161,1
0.014815939780595061,0.13453086904207634,0.13534425291381422,0.436950499001996,0.0037060631059402747,-0.07683243748310131,1
0.014922141264346307,0.14072865274374763,0.14151757489083613,0.5579646706586827,-0.009602618759755368,0.03822140117560435,1
0.01512439203624002,0.13437466409957768,0.13522313998107058,0.5579646706586827,-0.012324227549270398,-0.013266228821360748,1
0.014932927972180638,0.13272727374330226,0.13356467172554212,0.4736608383233533,0.019011365519097483,-0.1400344702070031,1
0.014512087738585328,0.13270532826251352,0.13349646002720023,0.4736608383233533,0.038981862757412646,-0.17529818012187315,1
0.01458362899201597,0.13792293077775786,0.13869180606258957,0.445721996007984,0.016353442320199772,-0.10152664328147853,1
0.014638672927582336,0.14009123967380746,0.14085398886231407,0.445721996007984,-0.004809002921371757,-0.06674188787414082,1
0.014522557190306887,0.13527843617483448,0.13605572373573446,0.4819450299401198,-0.03515853259398416,-0.2020246819832172,1
0.014608137026727796,0.14801617359747715,0.14873528604144393,0.5157315369261477,-0.01980950374707973,-0.2929026388885263,1
0.014248923793038923,0.1478448227521067,0.14852987391047523,0.5157315369261477,0.028096139313560326,-0.16121837598383326,1
0.01432855507734531,0.13739110205375385,0.13813624583775802,0.5670610379241517,0.05150072054482755,0.09413315622308449,1
0.014423335341036677,0.13962855800140006,0.14037153134418082,0.5670610379241517,0.029581896519380813,-0.015862280242368687,1
0.013918660179640718,0.13790141387481905,0.138602052834258,0.42460542914171656,-0.028424747009788594,-0.17458317062975182,1
0.013567378348771206,0.13743437767351827,0.13810243271487277,0.5193051097804391,0.003829222072206275,0.1217286228100476,1
0.013217365542352795,0.1426950175243821,0.143305850467327,0.5193051097804391,0.014080166449853097,0.06287662045304021,1
0.013239018272049652,0.14046750476692568,0.14109001204994615,0.5920760479041917,0.005137579498662074,0.08183151943406886,1
0.01354112540543912,0.1368320524209914,0.13750044598831948,0.5920760479041917,0.05828558377980626,0.13803117271504117,1
0.013622898168506736,0.1345133411881459,0.1352014138687464,0.4954271457085829,0.02274537324710684,0.12229786247266805,1
0.013219665649170409,0.13940087314543861,0.14002629393648366,0.4954271457085829,-0.0026717449369538415,-0.0526559458176572,1
0.013261067571887475,0.1421185174887501,0.1427358711969291,0.44929556886227545,0.0071574172495649695,-0.22761788756814738,1
0.01378414358782435,0.13530400282404748,0.1360043227057861,0.4756100598802395,-0.012207079259271208,0.04132418399086557,1
0.01373996567412051,0.1350691616758555,0.1357662148420748,0.4756100598802395,-0.0021282647340396953,0.03022113096817991,1
0.013591013929172904,0.13679732256446567,0.13747080824825844,0.46423960079840315,-0.0032342543057933284,-0.13102631778705343,1
0.013476960356630489,0.14184247123069593,0.14248127984154618,0.46423960079840315,-0.04737127953263628,-0.23717343560120474,1
0.01325726049853418,0.13867905187069787,0.1393112859164027,0.46423960079840315,-0.052092028120665344,-0.12608867772315824,1
0.013357275488086327,0.13887786201315536,0.1395187348201296,0.46423960079840315,0.017564961617622755,-0.17563829704265288,1
0.013323487712075848,0.14547908639664187,0.1460879184040057,0.4419859880239521,0.0050467266855284566,-0.35115880195228266,1
0.013100139408682635,0.13933787259896,0.13995233614674293,0.4419859880239521,-0.02869225035875466,-0.22684199197618682,1
0.012846572460547656,0.13057960235744462,0.1312100109588154,0.4337017964071856,-0.02192684412063537,-0.06091670055269871,1
0.012631790072199351,0.12773161638584832,0.1283546958430802,0.4423108582834331,-0.04084866347065761,0.021715043236713694,1
0.012800966894336328,0.13624061274632812,0.13684067127475236,0.6070200798403194,-0.042660054002114874,0.08129473607709325,1
0.012790180186501996,0.14012630802510018,0.14070881603491817,0.6070200798403194,-0.03675406711337545,-0.09171583428936314,1
0.012385361386601797,0.13478251321806473,0.13535037142931863,0.46277768463073854,-0.04743802152927733,-0.10241984702507034,1
0.012164075247941617,0.13424510133053238,0.1347950739377463,0.5297009580838323,-0.05351443363595029,0.09242972488702472,1
0.012212774061252495,0.13806720162392655,0.13860629139592903,0.5386348902195609,-0.06813055298633931,0.35863253878820167,1
0.012230619717596057,0.13842791018609787,0.13896717014160873,0.5386348902195609,-0.029197065367655747,0.14854114473741475,1
0.01236521562344062,0.14127957412674969,0.14181966232807758,0.4479960878243513,0.018968688937978498,-0.24408482395661668,1
0.012287249933726298,0.14560618843752043,0.14612370999340446,0.5495180439121756,-0.00716272509047,-0.0663700894411865,1
0.012100386083302146,0.13891701290246058,0.13944301996553063,0.5495180439121756,-0.03934261343007993,0.05244153601293666,1
0.012220705464071857,0.13583038886881407,0.13637903131454207,0.4346764071856287,-0.004844146048621725,-0.02366518992324762,1
0.012356808336452096,0.13761268470893248,0.13816635518484185,0.42947848303393216,0.013923391682642122,0.08362808184825221,1
0.012334679722586077,0.136198936375238,0.13675633291955772,0.43288962075848303,-0.020738535772428325,0.04390521699079297,1
0.012199052734375,0.13605964999058764,0.13660543636026085,0.4644020359281437,0.017957007863273047,-0.019403539648381596,1
0.012012982024232784,0.1359308680630752,0.13646066330446915,0.4644020359281437,0.004299967908797375,-0.1428553347178929,1
0.011740696965444112,0.13371972935375198,0.13423416101602106,0.4231435129740519,-0.05207070299350801,-0.29520832211655446,1
0.012041852330495258,0.13503047971598,0.1355663551913864,0.4699248303393213,-0.015788317039919234,-0.057157982218245085,1
0.012271307814059381,0.1345356345357568,0.1350941225790601,0.4699248303393213,0.010536248662601914,-0.07494912460300052,1
0.011745376493107536,0.130851541911214,0.13137762324500712,0.4405240718562874,-0.036185101935331795,-0.2306117508549117,1
0.01172047188825474,0.13467611377996724,0.13518515112303592,0.44848339321357283,-0.031469566672114715,-0.14467768754411603,1
0.012149640094810378,0.13241997329068816,0.13297617486128857,0.44848339321357283,-0.0332892276385306,-0.06475302842026354,1
0.012279239216878741,0.13219825773599295,0.1327673117306265,0.4650517764471058,-0.0516068248521021,0.026429739152301845,1
0.012013695850486526,0.14206361578631158,0.14257068358631364,0.5790812375249501,-0.015678794648523786,-0.10581726116354018,1
0.011628229673465568,0.13586970887904412,0.13636639438004905,0.5790812375249501,-0.003143958122833556,0.017813966940879222,1
0.01172396170549526,0.12969980766090974,0.13022861200730393,0.4598538522954092,-0.03475533151623509,-0.032741573069546615,1
0.011820407563778692,0.13790023441592442,0.1384059127600434,0.48535616766467066,0.010529992069990926,-0.16298586434523266,1
0.011509100003118762,0.13396928164990285,0.1344627376215165,0.48535616766467066,0.04619761791676108,-0.0625403929681605,1
0.011469918873191117,0.13084150774710201,0.13134328756541971,0.4078746107784431,0.039470562253715646,-0.06817932335395405,1
0.011570885631081586,0.14355728026794817,0.1440228388562654,0.5105336127744511,0.03448786256429795,-0.14936546375093185,1
0.011884810554671905,0.14364597720348046,0.1441367943609933,0.5105336127744511,0.018205109322587884,-0.2141469909744016,1
0.011815014209861526,0.1443821427440621,0.1448647565978211,0.49136626746506984,-0.005258665669002799,-0.14064469317409678,1
0.011552484776540669,0.1372713043423757,0.13775656391028826,0.470737005988024,0.005068120165153547,0.026159558288746165,1
0.011555736651696607,0.1339292186418603,0.13442682267904196,0.5160564071856288,0.012155469649108883,0.32797409114173925,1
0.01147102926958583,0.13968834751541015,0.14015854930788094,0.5160564071856288,0.045023437468094014,0.24419524374143808,1
0.011565016392995259,0.13707850536745578,0.13756549799257753,0.4661888223552894,0.05730807621346115,-0.03144119991103711,1
0.011354754904253993,0.13442491914472107,0.1349036298473858,0.4661888223552894,0.013993510385871202,-0.095499466900967,1
0.011194143997161926,0.14123053618170894,0.14167347391096966,0.4523818363273453,0.02582126000624189,-0.1252095382063021,1
0.01139401534820983,0.14607764178667076,0.14652133297138045,0.4523818363273453,0.004367718080587175,-0.16016385539346434,1
0.011044716368045158,0.142308310370853,0.14273626364823203,0.5391221956087824,-0.009218875960158543,0.015251233272274956,1
0.010744909341473303,0.1354361782504477,0.1358617365406593,0.5391221956087824,-0.004542870574392356,0.14830300757023984,1
0.011026791397673404,0.13436882683889334,0.13482051681620386,0.44166111776447103,-0.022363247161932834,-0.15545605787789452,1
0.011290986425586328,0.1406226442007055,0.14107520844025356,0.46959996007984034,-0.013479476440018904,-0.20659981644471692,1
0.011216431239084331,0.14098602665591092,0.14143149593341056,0.47187405189620757,-0.004851473996772131,-0.10697800282488235,1
0.010646004748315868,0.13981097116638155,0.14021570908991596,0.5236908582834332,0.009986295350630838,-0.0289310121675439,1
0.01092177962434506,0.1424307010592925,0.14284883574745824,0.5313253093812376,0.010537308830948673,-0.05873357910093402,1
0.011428199694361277,0.14040107875494012,0.14086542039764444,0.5313253093812376,0.013550414988570984,-0.17318920024424056,1
0.011217303693394461,0.13981175523810163,0.14026102382668065,0.4460468662674651,0.026456706342373786,-0.26603990276385003,1
0.01101552880566991,0.13693323572580973,0.1373755907037663,0.4460468662674651,0.015935988508534293,-0.17586733223727213,1
0.011094287635666167,0.13364431777000368,0.13410401519101736,0.4720364870259481,-0.03155472362645855,0.02678629442454339,1
0.011308197569704342,0.13807746395768752,0.1385397465901463,0.4720364870259481,-0.0337077299017404,-0.07865356115746902,1
0.011074300500561378,0.1403546149300323,0.14079083089368563,0.5576398003992016,-0.01273303048789385,-0.07211103760675996,1
0.011056454844217814,0.1421837060657411,0.14261294283588458,0.565923992015968,0.0243890981505908,0.29267400491627216,1
0.011258705616111527,0.14117282941569526,0.1416210655848319,0.565923992015968,0.056351401567971485,0.28499469206049577,1
0.011140448400074849,0.13797641135900962,0.13842543004110686,0.4405240718562874,0.013939881776895981,0.0374250666169571,1
0.011286941410148453,0.14096894929098702,0.14142008241618653,0.49429009980039923,-0.027592413183837913,0.031120492465253946,1
0.01126600250670534,0.14931431608432852,0.14973873179712674,0.5582895409181636,-0.014082220969039518,0.18698957545265804,1
0.011436289725237025,0.15029005453776376,0.1507245474886011,0.5582895409181636,-0.01380800395003367,0.11768003191566478,1
0.011513541588697605,0.14850408366979512,0.14894973818882723,0.500462634730539,-0.013364508870725348,-0.12107543891506278,1
0.011240859959767965,0.14567742242694728,0.14611046621510165,0.5313253093812376,0.013041286777584446,-0.0071727435298143405,1
0.011537415111183884,0.14537252660508784,0.14582963841069738,0.5313253093812376,0.037819749647106826,-0.061852095558720954,1
0.011469442989021956,0.14621830982310866,0.14666745463805192,0.4900667864271457,0.009955465835868415,-0.08417896685587989,1
0.0110752522688997,0.14014191950629315,0.14057887044548378,0.4900667864271457,-0.010255685940922306,0.10467112663055689,1
0.011321680954497256,0.1353344702589135,0.13580721372554613,0.5191426746506986,-0.028387173101539084,0.022712342823067555,1
0.011236973572386478,0.13590172737936482,0.13636549812823517,0.5191426746506986,-0.058827520271446936,-0.015224216803986224,1
0.010648860053330838,0.1363644164678459,0.13677957559172182,0.483894251497006,-0.03485445144421902,0.1505948510952142,1
0.010910041148172404,0.1413997459475938,0.14182001675327388,0.45303157684630735,-0.039391524671117915,0.06200034052171732,1
0.010890291955152195,0.13701603315713054,0.1374481422245654,0.45303157684630735,-0.03510434344183331,-0.12079648883443772,1
0.010422735758950849,0.13939628204412005,0.13978539576230695,0.4931530538922156,-0.02474404624582739,-0.04781813505983301,1
0.010140377818581587,0.1456570631123919,0.146009613713724,0.4931530538922156,0.0007014966425045992,0.0881491526732221,1
0.00989125245602545,0.14271121084239688,0.14305357938636798,0.522391377245509,-0.030989241727434953,0.18197393234213122,1
0.009987143116111527,0.14377509749630443,0.14412155178075742,0.522391377245509,-0.05045343936587681,0.11763688860127886,1
0.010054877296188872,0.14822192380872642,0.14856257689943764,0.6039338123752496,-0.002757414648056181,0.3086759238357044,1
0.015557684572261728,0.28832649714800274,0.2887459272559307,1.4827078642714573,0.13710724711231764,2.5179081549412103,2
0.015303483111901196,0.28551828749425356,0.2859281187449172,1.4827078642714573,0.14123001209531494,2.678401711958153,2
0.015594962165512722,0.2827133945597944,0.2831431904681194,1.203806746506986,0.11072426187771235,2.409286611031842,2
0.015526990043350798,0.2828835701516505,0.2833093745034747,1.2941206786427144,0.09612908829563899,2.262843515436326,2
0.015273264467159431,0.2899332590041294,0.29033526703492185,1.5645751696606787,0.11778264011409198,2.5049762500215316,2
0.015622642761352295,0.29269032364643516,0.29310696430331334,1.5657122155688623,0.16982629979065014,2.791370093061757,2
0.014769382446045408,0.29051919832879697,0.29089437817779223,1.5657122155688623,0.08783532771419483,2.6896045659223384,2
0.014529298882703342,0.2920958322090903,0.29245696387664283,1.5558036726546904,0.0984369638764161,2.669456474734141,2
0.015191095133950849,0.2918798737638289,0.2922749220849395,1.5558036726546904,0.12919827928221336,2.7372062406407247,2
0.014866938700723552,0.28664993122706955,0.28703520505125285,1.5845546906187624,0.15080477891922886,2.911340134163914,2
0.014531043791323604,0.2868216150241451,0.2871894672141099,1.5845546906187624,0.1566963003103213,2.7923619640013877,2
0.014321020244666919,0.28667004440106836,0.2870275352257317,1.5072355688622756,0.11352224776310872,2.4665575856890856,2
0.014170164963042665,0.28766116007156967,0.2880099591833607,1.511134011976048,0.138861390133697,2.4197218639419686,2
0.014444432872536179,0.29203179811367946,0.292388804078607,1.511134011976048,0.12452533939890086,2.2423354132258604,2
0.014251858412082086,0.2897624024392775,0.2901126769646233,1.4927788423153694,0.15981059744159098,2.3480602320920045,2
0.014021292532123256,0.28809700164392754,0.2884379985378011,1.4927788423153694,0.15280891074304268,2.2369967718870756,2
0.014286518642402693,0.28959711485812534,0.2899492947897442,1.3608815169660677,0.13861762663276683,2.008006503545662,2
0.014276525074850298,0.2914005702246254,0.2917500839681964,1.4284545309381238,0.12304397858300889,1.9847834512321523,2
0.0145186708029254,0.29346348381084875,0.29382240917309904,1.4373884630738523,0.14109123565503745,2.0439400122689317,2
0.014460533620259484,0.2909318803954638,0.2912910332691741,1.4373884630738523,0.11341088105082496,2.0337165711643976,2
0.013777163953343314,0.2872981261631824,0.28762827319906015,1.3126382834331338,0.10764435792449081,1.9190837397919944,2
0.014100765188373252,0.28862190882397737,0.28896615343685833,1.3126382834331338,0.17738043289812258,2.059882721553567,2
0.014347114559942612,0.2912153506493091,0.2915685513734226,1.3054911377245508,0.15548044736351568,2.112381387901193,2
0.014135901302863024,0.2924886520801673,0.29283004507959465,1.5044741716566867,0.1362410307351213,2.1782164606454772,2
0.014898109113803643,0.2964790678907419,0.29685314778949196,1.5044741716566867,0.1289916705086105,2.2312385660969403,2
0.014173972036395959,0.2966054984329044,0.296943973139581,1.4734490618762475,0.17879267261863252,2.1494945512635706,2
0.014065867015968065,0.29142259495170536,0.2917618505961611,1.4872560479041916,0.14707360413929027,2.0032198934113783,2
0.014781834748471806,0.296358438442384,0.2967268553308572,1.4872560479041916,0.13270945372624413,1.9573738601977801,2
0.014648031982909182,0.29702666539784106,0.29738763390284634,1.3729017165668662,0.15464773164316092,1.8760587335798924,2
0.015031118739084331,0.2958118776087206,0.2961935202953386,1.3729017165668662,0.11741951096533022,1.9290995795221244,2
0.014488928042352795,0.2943872999094931,0.2947436367147191,1.4076628343313373,0.10288070020233223,2.036878958564597,2
0.013931271110123503,0.2936083222779258,0.2939386453421906,1.6389704590818364,0.13390565245531455,2.4132255354373164,2
0.015001296664483533,0.29417589814967626,0.2945581401927038,1.6389704590818364,0.13691857284496897,2.4218258436632967,2
0.015375500249500997,0.2898733501822652,0.2902808384199903,1.5653873453093812,0.13019223188606693,2.5090314853784506,2
0.014557851932853041,0.2916689421662856,0.292032023718802,1.5653873453093812,0.18716286634848175,2.8180891998710518,2
0.014359884118481787,0.2917808756115649,0.29213402000545524,1.6258132135728545,0.15415343809817722,2.9024953368496185,2
0.014446653665325599,0.2907847987143616,0.2911434439678793,1.6258132135728545,0.12138698084268332,2.947071169175027,2
0.014599015913485528,0.2890133469590225,0.28938183423652997,1.4585050299401197,0.12457208858629788,2.3901280644592173,2
0.014735277413922155,0.29013765271992853,0.29051159344558886,1.601935249500998,0.1924363028953289,2.5682849605504288,2
0.01455380691741517,0.29141836160435497,0.2917815531796964,1.601935249500998,0.17951049323111337,2.4650744040453985,2
0.014697841192614771,0.2944322764357784,0.2947989008508647,1.7026450299401197,0.14805218595242262,2.520745044984456,2
0.014248051338728793,0.288737886059409,0.2890892142799646,1.7026450299401197,0.18871146064423192,2.816025625015559,2
0.01412662156156437,0.2872303199267047,0.28757749933181626,1.6513155289421158,0.19902813877426054,2.7425980633297353,2
0.01454896876169536,0.2938059475096964,0.29416595194566497,1.6513155289421158,0.16789807888534297,2.6240230661896913,2
0.01421132894367515,0.29354571048491634,0.2938895132774214,1.6150924950099799,0.14044479303573226,2.3100557448730905,2
0.013904462968594062,0.2911327988994548,0.29146464740252015,1.6150924950099799,0.19876991668124203,2.357252333216353,2
0.01377597424292041,0.29308096856975885,0.2934045528006162,1.6638230339321358,0.17335748640477563,2.5172413534083447,2
0.014035331115113524,0.2928081276123351,0.29314431619144926,1.6638230339321358,0.14923635943475164,2.6264095365791356,2
0.014175399688903443,0.2902440928090053,0.2905900469163778,1.4089623153692614,0.13425111341054508,2.4883001936828517,2
0.013892407236308631,0.2947802434644406,0.2951074226714305,1.4089623153692614,0.12731214033411653,2.168908335565228,2
0.013652878871163922,0.29337165924292435,0.293689175061692,1.5579153293413173,0.15136885115828616,2.3675420987358615,2
0.014072688022392716,0.2903626112201194,0.290703434005761,1.5579153293413173,0.14159535734823198,2.4724723921517295,2
0.014389626879054394,0.29059033761207925,0.29094639656682575,1.3969421157684632,0.14636736206512568,2.3820543356602606,2
0.01423853365534556,0.2877073747793227,0.2880594892432188,1.5907272255489022,0.11984216493866678,2.6632335998454817,2
0.013688252927738273,0.2872210771695198,0.28754706647544326,1.5907272255489022,0.13784353302269492,2.6076189450555276,2
0.013617187558476795,0.29071097223606013,0.2910297187151822,1.3985664670658684,0.15237878267843533,2.2321782889102924,2
0.014260900211296158,0.2880435872255108,0.28839639633077424,1.3136128942115768,0.17471171242172545,2.145681988503802,2
0.014056904530782184,0.28457185766135823,0.2849188283315511,1.5332251896207585,0.1430803229845396,2.656905601111167,2
0.013408750292383982,0.2900831115857463,0.2903928480725241,1.5332251896207585,0.16632066287217334,2.624307063494646,2
0.013799847765406686,0.29060886753343673,0.2909363327042791,1.3504856686626747,0.18791932257605204,2.3198263388647007,2
0.013037560640437873,0.2898216653673945,0.2901147629883441,1.4541192814371258,0.047355485599511776,2.3658204392324578,2
0.012368229556511977,0.28632400035634054,0.28659100872571047,1.4541192814371258,0.09393757875588696,2.5011481134864813,2
0.013206420206462077,0.2888841102338715,0.2891858203306055,1.3763128542914171,0.1925809014998808,2.2887156678162652,2
0.012822143739864022,0.29623309536256365,0.29651046213948584,1.401652734530938,0.16842338612033908,2.1190558811885243,2
0.01278629379912051,0.2924191368370432,0.29269854953114954,1.401652734530938,0.12975596630885408,2.1349976569090563,2
0.012487438540886976,0.2877004125631383,0.28797128938543926,1.322709261477046,0.17786999070801937,2.2248748046299616,2
0.01191891558679516,0.28715646913591025,0.28740372007920867,1.322709261477046,0.1958363664908971,2.156331907391828,2
0.012729346326877495,0.29045928670171123,0.29073808400203865,1.3798864271457085,0.17129942061860462,2.1359268432741176,2
0.012743226281811376,0.29260256341734303,0.29287992408915586,1.4987889421157685,0.1659990166303938,2.336251698565974,2
0.011815014209861526,0.29203911926401394,0.29227802131066954,1.4987889421157685,0.16494885822477778,2.2891516136801027,2
0.011707860957771956,0.2908502383044734,0.29108578654749784,1.4191957285429142,0.18250535098006596,1.9822061493128427,2
0.012455871557665919,0.29143317286198184,0.2916992337676993,1.293633373253493,0.1892788871712138,1.8838609281255616,2
0.012921682845247006,0.29349818390091953,0.2937824941018289,1.4380382035928145,0.20292037454406955,2.130553649040701,2
0.012578966929422404,0.29533683733143223,0.2956045972138194,1.5135705389221557,0.1878955090496181,2.1353788450271027,2
0.01181945579544037,0.2985084461077873,0.298742350417523,1.5135705389221557,0.17976541457262465,1.8675303647615111,2
0.01237029172124501,0.2958292690399385,0.2960877919434927,1.4511954491017964,0.1873111207331375,1.9409678051974497,2
0.01264051461530065,0.29228105788510167,0.2925542674584901,1.4511954491017964,0.215047097207237,2.0982827975715193,2
0.012255127752307884,0.29066611584209,0.2909243528049047,1.4848195209580837,0.21049475611059593,2.291401403346108,2
0.013015035456430887,0.2907239263811218,0.2910151070277763,1.4848195209580837,0.18534207001020483,2.1826911343933952,2
0.012484662549900199,0.2950926177929691,0.29535659781845436,1.3577952495009982,0.25190388477597403,2.0798726774808385,2
0.011815728036115268,0.29250638076120805,0.2927449302977667,1.447297005988024,0.21119539502356266,2.281457418649932,2
0.012408203826721554,0.29071583352259317,0.29098051375125034,1.447297005988024,0.167392354767139,2.3635300080866095,2
0.012719352759325099,0.293227366807583,0.2935031014819519,1.739030499001996,0.21007525734040844,2.4418498176727903,2
0.01272839455853917,0.2948510700672934,0.2951256775474913,1.739030499001996,0.200106227980065,2.165003227690277,2
0.012381395685192115,0.29197347896331305,0.29223588310995197,1.5996611576846307,0.19700165715916618,2.3797715498184173,2
0.012161854455152195,0.2898864413571709,0.2901414475501782,1.5996611576846307,0.19383859318501506,2.6334381676413994,2
0.012467213463697604,0.28741732986320856,0.28768759604342664,1.5554788023952095,0.19825918763061484,2.5592117363570255,2
0.012724746113242267,0.2930172042457382,0.2932933704461032,1.5554788023952095,0.18672175291586623,2.445097494203143,2
0.01258872255489022,0.29656315565773184,0.29683022290399624,1.6963100598802394,0.22600470051474802,2.504748699562265,2
0.01219175584378119,0.29061422444327467,0.29086984436225144,1.6963100598802394,0.21431032379325182,2.558149147224399,2
0.01238234745353044,0.28635265081892486,0.28662024206166087,1.5666868263473055,0.19127619479852281,2.748907029105318,2
0.012538516775043662,0.29045190725897846,0.29072241886943684,1.5666868263473055,0.20521135441799063,3.0292094025556446,2
0.012654711826347306,0.294888078954822,0.29515948373900036,1.4970021556886228,0.21054751707855837,2.6088591394762854,2
0.012435487852420159,0.2872313227124401,0.2875003897480238,1.3802112974051897,0.22688017093077908,2.492652575014347,2
0.012410107363398202,0.2926123023781319,0.292875349368639,1.3802112974051897,0.20217278847168718,2.2821396782784475,2
0.012849507079590818,0.2953447094758808,0.2956240978803672,1.4474594411177644,0.20564267639049727,2.4261713248558596,2
0.01219754576783932,0.2894993900803835,0.28975623717130333,1.4474594411177644,0.20729525823894154,2.706912638491332,2
0.012249099886165168,0.28880408895063875,0.28906373387650985,1.46792626746507,0.1979874106228361,2.3518720879903885,2
0.01270729702703967,0.2921889176421307,0.29246510730446673,1.5018752095808383,0.15251750718192653,2.47937446961011,2
0.012161457885011226,0.29532491831849605,0.2955752162102149,1.5018752095808383,0.1789625208351086,2.691613983033224,2
0.01219841822214945,0.2872633127851804,0.28752219441190774,1.3992162075848302,0.1914658951880431,2.635673186963275,2
0.012500683983595308,0.28489838410303076,0.28517250281991735,1.275440638722555,0.15930199530020528,2.3383232292804106,2
0.012629727907466314,0.2844229810493524,0.28470325283708453,1.462078602794411,0.18605796378985093,2.5139763232913435,2
0.01242961861433383,0.28618171058395214,0.2864515087962616,1.5481692215568863,0.20645298890316777,2.983617445809789,2
0.012048514708863523,0.2928370459606841,0.2930848037576659,1.5481692215568863,0.18948941600072672,2.8073098191025183,2
0.011901069930451598,0.2928662210142971,0.2931079304227107,1.4869311776447105,0.1692290753686937,2.6846041548912085,2
0.01234395946388473,0.28966652466429255,0.28992942045666087,1.4869311776447105,0.20844438110862953,2.623583183170889,2
0.012899554231380988,0.2945356566174553,0.2948179972770385,1.3241711776447105,0.19636265382342852,2.474783870869099,2
0.012425018400698602,0.29937951551383035,0.29963723966081635,1.608432654690619,0.1813248251307707,2.8687854724733226,2
0.01204209027257984,0.2887293813337211,0.28898039307794965,1.608432654690619,0.19089768432146417,2.9122106956281364,2
0.012085157789888973,0.29009670192560666,0.2903483209989698,1.4723120159680638,0.14057585765668118,2.6851056059162177,2
0.012160902686813873,0.29250372287680726,0.29275640975211836,1.4723120159680638,0.12736309734016288,2.3843055232190515,2
0.012092296052426399,0.2899128231991755,0.2901648991162369,1.4234190419161679,0.1866082963758544,2.064070372785295,2
0.011925815907248005,0.2915939425639318,0.29183771590565727,1.344638003992016,0.19592653335621868,2.1656075134472887,2
0.011844677656405938,0.2931364942006079,0.2933756987567429,1.4373884630738523,0.18990036974108715,2.4477599077652084,2
0.011351978913267214,0.2897121691139958,0.2899344897696439,1.4373884630738523,0.18513509333986505,2.767862221116106,2
0.012078891981661677,0.2921894078183721,0.2924389674321048,1.3896325349301397,0.18204646150543963,2.5584054379907846,2
0.012004959735576921,0.07226609323608835,0.07325644879367166,0.27286892307692306,-0.13742248013252856,-0.04300045942187136,0
0.013116182992788461,0.07334354204965302,0.07450710983986383,0.27286892307692306,-0.010106273593581534,-0.11368759969505593,0
0.012790221454326924,0.07799322431413747,0.07903500998776483,0.22676492307692306,-0.062393523159701335,-0.1820957890098538,0
0.012147975360576924,0.07696360162093578,0.07791642496821381,0.22676492307692306,-0.10389534612495399,-0.14808969163475716,0
0.011958815805288462,0.07336953091626922,0.07433775179771179,0.21925476923076925,0.02597911411466365,-0.2193666856521581,0
0.01074053455528846,0.07219660437628697,0.0729911553957015,0.2492953846153846,-0.02195867326686047,-0.17711951321764374,0
0.010284697716346153,0.07296709547796111,0.07368834391955426,0.2492953846153846,-0.14764362410586934,-0.06626827370926147,0
0.010806338040865384,0.07234373895880847,0.07314638411017783,0.24741784615384615,-0.1323832914473451,0.02276060872346175,0
0.011016379507211538,0.07126541012873087,0.07211185268916011,0.22467876923076924,-0.08351228576741182,-0.20316806934500642,0
0.010272474158653847,0.06974654464679103,0.07049896605984393,0.22467876923076924,-0.0585221304757712,-0.19569782194867136,0
0.011832913161057692,0.0716962361646794,0.07266614145569184,0.208824,-0.1412362652474812,-0.09801998177271765,0
0.011567050781250001,0.07186953401923306,0.07279441313670793,0.208824,-0.16075743757779787,-0.23172359379585394,0
0.010938861778846152,0.07082708024279968,0.07166682630573706,0.23677846153846152,-0.10272848626345757,-0.1874674450085414,0
0.011386651442307692,0.07204561911440446,0.07293988665090212,0.23677846153846152,-0.07438447400947511,-0.1851781145073561,0
0.012053752103365385,0.07142881753635862,0.07243872524010757,0.21967199999999998,-0.046478764700956125,-0.2907036508896126,0
0.011669423076923077,0.07192372095643623,0.07286423725784501,0.21967199999999998,-0.10484294870658013,-0.31410277222186966,0
0.011843812499999998,0.07330957480921954,0.07426014848654501,0.21049292307692305,-0.05786436507499499,-0.38406539114640514,0
0.012758236478365385,0.07385717398103003,0.07495101564690124,0.2482523076923077,-0.058892541227360685,-0.3251769122254293,0
0.011383188100961538,0.07036451258902278,0.07127932100709587,0.2482523076923077,-0.09145405084989289,-0.24657128500913128,0
0.01198540204326923,0.0729487426981305,0.07392678082655059,0.23823876923076923,-0.017307989301725026,-0.16351540568350176,0
0.01317577283653846,0.07341046910828453,0.07458349659635476,0.23823876923076923,-0.06612192369638276,-0.1740168317616715,0
0.013025423076923077,0.07155778797128629,0.07273361441366988,0.21716861538461538,-0.11885282316862004,-0.3446754386086317,0
0.011999459134615384,0.0730542174401259,0.07403313923718553,0.21716861538461538,-0.060160626987346984,-0.32033094750878854,0
0.012472205228365384,0.07177985337405436,0.07285535844163563,0.20861538461538462,-0.0907161739635368,-0.32380561605737324,0
0.011355481370192308,0.07398298431473137,0.07484937491564357,0.21842030769230766,-0.15893036609319325,-0.27621778944473796,0
0.009395535757211538,0.07497228536419878,0.07555871667051986,0.21842030769230766,-0.1077882779670513,-0.35808112497596234,0
0.009843834735576922,0.07527109361864388,0.07591204526850796,0.2090326153846154,-0.12931005581267457,-0.45200488398036187,0
0.00932117578125,0.07291956366910342,0.07351290419808884,0.28663753846153844,-0.1597048931744439,0.004173145474715145,0
0.008584808293269231,0.07025933775927973,0.07078187250846599,0.28663753846153844,-0.08509919785072857,-0.009969818962405341,0
0.009051238882211538,0.07012616872932975,0.07070788121530219,0.21696000000000001,-0.10924163304984189,-0.33533476769516124,0
0.0102362109375,0.0720508618123544,0.07277435470177654,0.2207150769230769,-0.12039663387352847,-0.35058412743026146,0
0.009395026442307693,0.0727087731841807,0.0733132472326816,0.2207150769230769,-0.07219779182322189,-0.312812111654988,0
0.010733098557692307,0.07089463246671435,0.0717024986819821,0.22029784615384615,-0.05021498633949937,-0.24741662414241183,0
0.012319920072115385,0.07303543514054098,0.07406723443433999,0.22780799999999998,-0.06374548519568532,-0.3488603705621589,0
0.011834033653846155,0.07205648805730108,0.07302179006072322,0.22780799999999998,-0.0736903605841544,-0.28857451050391125,0
0.013027460336538461,0.0700841289416551,0.0712846396661344,0.23093723076923076,-0.06504215968271986,-0.18449820408470563,0
0.013871904447115384,0.07230230233403284,0.07362100689199917,0.24011630769230768,-0.09080040427947295,-0.20681530166002426,0
0.01337695222355769,0.07260692088568596,0.07382890904849945,0.24011630769230768,-0.019338908894224436,-0.24120956540125382,0
0.012663503906249998,0.07017538681697708,0.07130883007100852,0.225096,0.03304527654717294,-0.26174676810195363,0
0.013657177283653846,0.07125993627801663,0.07255685363702137,0.2526332307692308,0.0075731439639964045,-0.21821147749031056,0
0.012427079927884615,0.07289794520218272,0.0739495958760727,0.2526332307692308,0.030247840847236238,-0.23595969873545464,0
0.012316049278846154,0.0723911910271192,0.0734313938868372,0.24866953846153847,0.04065770457732164,-0.1241690126013677,0
0.013973869290865384,0.07224950235037134,0.07358844755010466,0.24866953846153847,-0.023811908258125205,0.015943033869744827,0
0.012964916466346153,0.07161291401828336,0.07277704660928044,0.22467876923076924,6.450022025537911e-06,-0.16316394189911776,0
0.013191459735576921,0.07407931905454675,0.07524466839278834,0.25367630769230765,0.07571086507410746,-0.12336766889302231,0
0.013548285757211538,0.07340840772909517,0.07464817728705865,0.25367630769230765,-0.01343821130708028,-0.10647790837120574,0
0.012829336838942308,0.07390188584260741,0.0750072037528451,0.2436627692307692,-0.05217343532074049,-0.25192860282553875,0
0.012775858774038461,0.07468758015976255,0.07577240393134649,0.31125415384615385,0.0820298196073425,-0.007220531373945072,0
0.014089891225961538,0.07385390771583353,0.0751859343205781,0.31125415384615385,0.08398426418592886,-0.052273310843586884,0
0.013471481069711539,0.07168836303975203,0.07294314359506916,0.2330233846153846,-0.048680321899212196,-0.23172381216869775,0
0.012680515024038462,0.06970323012692282,0.0708472705995201,0.2526332307692308,-0.07802376920092237,-0.012630784807293516,0
0.012804991586538462,0.07202096269681232,0.07315044003495093,0.2526332307692308,-0.04564536183068534,-0.08736094138749895,0
0.013666344951923077,0.07058831010545132,0.07189908558450735,0.22864246153846152,-0.027641628163967414,-0.33083298079134327,0
0.013563259615384616,0.06961876519082195,0.07092767075048445,0.20527753846153846,0.03856466944038934,-0.3609240080166436,0
0.012954118990384615,0.07005689313850257,0.07124449083990013,0.21716861538461538,0.08222067592309466,-0.23515300804943529,0
0.013070752103365384,0.07066607586464321,0.07186472596938737,0.27140861538461536,0.07103795369610716,-0.09280507690065853,0
0.012094802884615384,0.07195974008019859,0.07296909242430963,0.27140861538461536,0.15732641417761398,0.09055140716762411,0
0.013334067908653846,0.073176672671985,0.0743816024991088,0.2601433846153846,0.1341461891977177,-0.06949854659084798,0
0.013250642127403844,0.0712452775859672,0.07246702074109333,0.26452430769230767,-0.06882789630168946,-0.008001616549092372,0
0.012876804987980769,0.0710495233517927,0.07220697248337878,0.26452430769230767,-0.11135686266731658,0.005906295633415493,0
0.013023182091346154,0.07180650773894212,0.0729779269741688,0.2330233846153846,0.02275414699726923,-0.1896058289813931,0
0.012598820913461537,0.06929102091154678,0.07042709611629526,0.2330233846153846,0.01349116353780527,-0.26994676074031654,0
0.01138532722355769,0.06989240890635752,0.07081366039628913,0.2205064615384615,0.03397560749633075,-0.24468123860992197,0
0.011456835036057692,0.07224107274398385,0.0731439106162981,0.2205064615384615,-0.02821362701434838,-0.13129757157371102,0
0.012020239182692308,0.07386142409325766,0.07483312180507502,0.2261390769230769,-0.08975283958626448,-0.17209618033775564,0
0.010398478665865385,0.07131402807215034,0.07206815495376515,0.2261390769230769,-0.0006070030630430929,-0.14898663928883504,0
0.010672490084134616,0.06958389722394152,0.07039759084988641,0.19797599999999999,0.02539173510804782,-0.3489984771076111,0
0.012041935997596153,0.07189341217230719,0.07289493080007312,0.2369870769230769,0.056609722919356446,-0.17392679883596118,0
0.01298651141826923,0.07298076205587598,0.07412719547556905,0.2369870769230769,0.00453813398218912,-0.0123151924930891,0
0.012839930588942308,0.07136718782537942,0.07251302859232843,0.22467876923076924,-0.02694891106034227,-0.3343226567213544,0
0.01248605859375,0.06962265023445312,0.07073340854840486,0.2303113846153846,-0.005408388988549481,-0.3134096619310145,0
0.011299966045673076,0.07319342953279444,0.0740605654812702,0.2303113846153846,0.010556260174847168,-0.10618315427758729,0
0.012099896033653846,0.07193329186238157,0.07294385486237892,0.22593046153846155,0.017615536125174087,-0.23463049191824803,0
0.013303305288461537,0.07109063614765795,0.07232466024446088,0.22780799999999998,-0.06122740365316023,-0.23367600716632886,0
0.012480252403846153,0.07116878377485289,0.07225477481838465,0.22780799999999998,-0.07219483296038218,-0.20425991292404344,0
0.012164375300480769,0.07030502923182504,0.0713496262200351,0.24616615384615384,-0.04296120681397205,-0.285935453153074,0
0.011778722055288461,0.06965712459290965,0.07064597157522767,0.24616615384615384,-0.09444105476340989,-0.024526057089012454,0
0.012387658954326922,0.06853108327224959,0.06964167910695954,0.24595753846153845,-0.042471983617998844,-0.05458705757644289,0
0.011519990084134615,0.07130475236119874,0.0722293422428201,0.24595753846153845,-0.024080702431572513,-0.32072670800194425,0
0.012350580829326923,0.07087610894168224,0.07194414267704458,0.200688,-0.04634694925869086,-0.36553076142517416,0
0.013144500901442306,0.07010545476139618,0.0713270824529518,0.200688,-0.07595596385575161,-0.3986417424980182,0
0.012845533052884614,0.07119097973154447,0.07234060626335617,0.2125790769230769,-0.05279509485880623,-0.3833289111547229,0
0.01329760096153846,0.07166067603581426,0.07288400840542618,0.22572184615384616,-0.021447844742537307,-0.31574852485832405,0
0.013963173677884615,0.07289762753971163,0.07422286925252414,0.23281476923076924,-0.020899289596068297,-0.3638528306125899,0
0.014111486177884616,0.07465744771097112,0.07597939550210317,0.23281476923076924,0.01818987840491459,-0.4448333703652687,0
0.012826892127403844,0.07236471597872828,0.07349272943856465,0.22864246153846152,-0.01710184484250285,-0.3605074089489513,0
0.013707090144230768,0.070831660995174,0.07214574498580857,0.2209236923076923,-0.04977890892920309,-0.39407523443054737,0
0.013715442908653846,0.07178150382301485,0.07308007707490488,0.254928,-0.03166173797870438,-0.39828378655837726,0
0.01290970673076923,0.07305912572002907,0.07419094539665526,0.254928,-0.021586466077474376,-0.37984728360222064,0
0.013035914963942307,0.07306283904535718,0.07421666610886603,0.20715507692307691,-0.0778473708497213,-0.38084317266476697,0
0.011351101262019232,0.071268727522421,0.0721670217102362,0.2628553846153846,-0.03302611502221881,-0.25787206090725645,0
0.011490857271634614,0.0738472959934462,0.0747359547097696,0.2628553846153846,0.05153912875462243,-0.16748417250812242,0
0.013317158653846153,0.0763846811493828,0.07753687012579619,0.23510953846153848,0.0029785117215095167,-0.3933202127668012,0
0.012757523437500001,0.07468588852322915,0.0757676471111686,0.24574892307692306,-0.010053987180453661,-0.3852729329055897,0
0.012932931490384613,0.07223518151099714,0.07338380042530972,0.24574892307692306,0.006439669645412762,-0.2890216620337478,0
0.014145304687499999,0.07195847405715555,0.07333560958590675,0.2641070769230769,-0.011377470086214696,-0.3028045466752127,0
0.013914177584134615,0.07016376047004261,0.07153011688191448,0.2641070769230769,-0.04297504925242926,-0.15374072597614052,0
0.013270709134615385,0.06933404113117062,0.07059264112153917,0.23072861538461537,-0.03747270681098851,-0.3663527198991705,0
0.013659621995192307,0.07036519839086672,0.07167877243394709,0.19380369230769232,-0.09170832192995139,-0.3452867640706505,0
0.013884739182692306,0.07020430692003601,0.07156417184802748,0.19192615384615386,-0.10281060270392406,-0.311981325413214,0
0.01304457331730769,0.06918150686311098,0.0704005808561356,0.21007569230769232,-0.04948315924863641,-0.37165234232303535,0
0.013594022235576922,0.06763884765852597,0.06899138462963796,0.21007569230769232,0.005999113809929239,-0.36076092092061707,0
0.01332001081730769,0.06975874481226033,0.0710190479093831,0.2127876923076923,-0.011366833486997376,-0.4055707138404063,0
0.011901772536057693,0.0693382579821461,0.07035230066954958,0.2127876923076923,-0.006464289503300279,-0.29143435989525734,0
0.01150226592548077,0.06934442963688675,0.0702919059571272,0.21800307692307694,-0.04283508038191362,-0.3219997468969318,0
0.010806338040865384,0.06967987232289939,0.07051284669327296,0.21800307692307694,-0.10033688759559288,-0.4133815620886736,0
0.01098449639423077,0.07173927468297331,0.07257535871819004,0.23761292307692305,0.05451049159059768,-0.32475481545814233,0
0.01267134735576923,0.07267611470608168,0.07377249279089124,0.23761292307692305,0.06630644763968169,-0.27628621635230477,0
0.013195228665865383,0.06934766139729145,0.07059187064257373,0.2207150769230769,-0.0966396979546614,-0.23807715310267596,0
0.01148515294471154,0.06992342104512676,0.07086038067084803,0.2355267692307692,-0.01587772568232413,-0.25039181809628497,0
0.011790538161057691,0.06980870499843732,0.07079740167326909,0.2355267692307692,0.045662718088991645,-0.17765376978807534,0
0.012699970853365383,0.07216770915507986,0.07327665047181488,0.24866953846153847,0.026635158146822827,-0.010843327822218196,0
0.012375537259615384,0.07146985436271944,0.07253339923850567,0.24866953846153847,0.08331292428364499,-0.008978120406360812,0
0.011406922175480769,0.06971083241800878,0.07063793619528518,0.2194633846153846,-0.008386744034218725,-0.15758473546242557,0
0.010916146334134614,0.07285794869512219,0.07367118119624048,0.24199384615384617,-0.05306908327038589,-0.16628508807029352,0
0.011199223557692307,0.07469865063847718,0.0755335092227578,0.24199384615384617,-0.10228769389503092,-0.1434585224208904,0
0.011479041165865383,0.07495520125364179,0.0758290879614253,0.235944,-0.12446939317633916,-0.18450975009187331,0
0.012657290264423075,0.07104914179905472,0.07216777360581414,0.235944,-0.0646384410840087,-0.3063210422254956,0
0.012988854266826923,0.0698773852035416,0.07107432235377979,0.22843384615384613,-0.05291591758830399,-0.15510280684654187,0
0.013749465144230769,0.0715977336224744,0.07290598913413918,0.2371956923076923,-0.0012880759512020154,0.015913982040742347,0
0.01466419471153846,0.07131418932194013,0.07280626487592556,0.2371956923076923,-0.02367092316763193,-0.1310268261103027,0
0.014550108173076922,0.0705309171502329,0.07201608099515869,0.2205064615384615,-0.038270879459568405,-0.2436151219667657,0
0.013784506009615383,0.07294973382156679,0.07424066453478556,0.21132738461538458,-0.04158223942730718,-0.23422061961187035,0
0.013972850661057693,0.07459893443705218,0.07589625534069405,0.21132738461538458,-0.1041167854498077,-0.3591643151366055,0
0.014964283052884615,0.07230539216749042,0.07383765640769914,0.20298276923076922,-0.08878800887289921,-0.5587420412128599,0
0.014584537860576924,0.07011218803512263,0.07161304110061933,0.20527753846153846,-0.040604558636593534,-0.4709503266487247,0
0.014155490985576922,0.0731574536175764,0.07451436737200814,0.20527753846153846,0.030487770027843704,-0.4437876866383643,0
0.013857032451923077,0.07479233067951542,0.07606516993241803,0.24595753846153845,0.027345219155948692,-0.39030805400144386,0
0.013802739483173076,0.07204528905710351,0.07335556756349136,0.24595753846153845,-0.0009493622731496245,-0.2718000893126544,0
0.013704849158653847,0.07389710303256719,0.07515720010130306,0.2205064615384615,-0.05885517920469173,-0.44167609788568374,0
0.013579048377403848,0.07371553391514125,0.07495579027153415,0.19839323076923077,-0.05206745501885526,-0.48108867613130446,0
0.012260533954326924,0.07334356231072227,0.07436127234839385,0.1940123076923077,-0.038349682319985125,-0.5270540811768827,0
0.012781461237980768,0.0720350715945079,0.07316021658663868,0.1942209230769231,-0.09457420386705061,-0.4663922265915641,0
0.013517115685096153,0.07313994853124506,0.07437852168198457,0.22676492307692306,-0.016783647939710773,-0.37685444264967094,0
0.012840236177884615,0.0740433126654215,0.07514841192981542,0.2507556923076923,-0.08058233183110344,-0.3002598241982928,0
0.013004133713942306,0.07203909624198467,0.0732034075778718,0.2507556923076923,-0.16423636122276375,-0.30901442177191996,0
0.012581911658653844,0.07503386093888204,0.07608143524133636,0.2561796923076923,-0.029107347093562386,-0.29547750158554953,0
0.012765774338942305,0.07542060615003847,0.07649335151836413,0.2561796923076923,0.000981526936955723,-0.26067127308385674,0
0.014600428485576923,0.07263273623896462,0.07408567260625668,0.21174461538461536,-0.09480889206126335,-0.4247889681448904,0
0.01589836658653846,0.0732646483790183,0.07496977232339147,0.2075723076923077,-0.09381980737834561,-0.4473220587059985,0
0.015106993088942307,0.07771960689064568,0.07917422898535767,0.26535876923076923,-0.011528465561027894,-0.3541581098115496,0
0.015055654146634616,0.07607953371474474,0.0775549364775451,0.26535876923076923,-0.0523160083706075,-0.2501686228160893,0
0.014577611177884614,0.07525699272613949,0.07665586541052027,0.238656,-0.07541649036602611,-0.3674304768747758,0
0.013391111177884614,0.0763099158247014,0.0774759647358552,0.238656,-0.058919519446869864,-0.37514157468745335,0
0.012680209435096153,0.07579099116053381,0.0768444015684553,0.23531815384615382,-0.12060686013175252,-0.3499757919781765,0
0.013059649038461539,0.0747708903863941,0.07590283579802505,0.23531815384615382,-0.09126102236639767,-0.4440929580803732,0
0.013814861177884614,0.07386593578215235,0.07514670224525676,0.24574892307692306,-0.07239902588336222,-0.2813157118947829,0
0.01343144891826923,0.07475329487688157,0.07595037139470802,0.24574892307692306,-0.1375508788987472,-0.314939577388591,0
0.013846133112980769,0.07290788809409261,0.07421102039807237,0.23135446153846154,-0.038593682350608415,-0.35368757891206704,0
0.013336920072115385,0.0744472231758614,0.07563241683039428,0.23844738461538462,0.036698312500092894,-0.24356977552983583,0
0.013137777944711538,0.07452083585868131,0.07567004814588843,0.23844738461538462,-0.03683727128964222,-0.21598703867595193,0
0.012544731670673076,0.07299352309072347,0.0740636530687298,0.22634769230769228,-0.020105064552452725,-0.2508345255866935,0
0.012414856370192308,0.07333335890263115,0.07437681215697951,0.23615261538461538,0.018691185822989686,-0.3265425673011979,0
0.013074011718749999,0.07367711740361593,0.07482811912194651,0.23677846153846152,0.034789602467494546,-0.08697256010745225,0
0.013347004507211536,0.07354071923121568,0.0747420893095719,0.23677846153846152,0.0213451573485883,-0.0717680207583471,0
0.013224259615384613,0.07207992202288104,0.07328298711979271,0.22822523076923076,-0.11475322920247692,-0.11650782807893556,0
0.012123935697115383,0.07352823666298834,0.07452108026294448,0.24428861538461538,-0.11905782292052065,-0.06017083382536681,0
0.011711594350961536,0.07655178771178751,0.07744247958395996,0.24428861538461538,-0.08790655633083325,-0.0855738416744698,0
0.01066250751201923,0.07481933587133192,0.07557527430761361,0.25847446153846154,-0.08267887809269803,-0.019341822691334443,0
0.011102351862980768,0.07121612653969502,0.07207634075206153,0.25847446153846154,0.0626734641541144,0.010967240850748627,0
0.011649865384615384,0.07468634805392005,0.07558948305889482,0.2453316923076923,-0.03129155032118711,-0.08025884665458438,0
0.011682665264423076,0.07621747618576886,0.07710764128028298,0.23052,-0.12259404368279403,-0.16725146191521523,0
0.01156817127403846,0.07366099318762329,0.07456382838892175,0.21508246153846153,-0.0715100000694145,-0.2820308465838295,0
0.011751830228365383,0.07264068272941257,0.07358515000400218,0.2090326153846154,-0.06983210976695059,-0.35391881865179586,0
0.012392039062499999,0.07231876341015103,0.07337278905220876,0.22426153846153846,-0.06978701573984358,-0.2574287499761123,0
0.011777295973557693,0.07652191208110314,0.07742291475394644,0.2436627692307692,-0.06234112493299933,-0.20916687363333653,0
0.012574068209134617,0.07643858172146449,0.07746588905393764,0.2436627692307692,-0.01716789118740166,-0.177108072824967,0
0.013295563701923077,0.07333747324709144,0.07453292558607738,0.21862892307692305,-0.009845419114150246,-0.20629144170439018,0
0.012979482872596154,0.07088007238217212,0.07205866801809463,0.21862892307692305,-0.010547136473234044,-0.35256940421545746,0
0.013192274639423077,0.07110031074606078,0.0723138319987841,0.25951753846153847,0.014847901374830016,-0.020858911781096,0
0.01322354657451923,0.07106037883997754,0.07228028517437937,0.25951753846153847,-0.04044833383857197,0.12155092525334776,0
0.013240965144230768,0.07304182553019696,0.07423228027438243,0.2290596923076923,-0.03169237684750421,-0.3013387235529308,0
0.012902168870192307,0.0729587174744968,0.0740907579734369,0.23010276923076922,-0.02880445414813639,-0.2635895183561816,0
0.011731966947115384,0.07155287787688826,0.07250829870375591,0.233232,-0.12370224096771094,-0.03704725722562063,0
0.009740036358173077,0.07559304833978825,0.07621795894380862,0.233232,-0.09727755331861897,-0.2721899379652264,0
0.00930793359375,0.07108784636547717,0.07169462691629927,0.21320492307692307,-0.055073085925465906,-0.3489313589092635,0
0.008706330829326921,0.07169936424163019,0.07222602736661934,0.25534523076923077,-0.1323882774194975,-0.15534660842141212,0
0.00833860546875,0.07374782512758092,0.07421774755549863,0.25534523076923077,-0.11771941252037402,-0.175002869318452,0
0.008276774639423078,0.07182041755086006,0.07229576319267739,0.2090326153846154,-0.09251637280594971,-0.2901306034749118,0
0.00863237830528846,0.07249214659192656,0.07300430995983034,0.27328615384615385,-0.19915237120657345,-0.02640904316551751,0
0.010359770733173079,0.07720024215411492,0.0778922476135969,0.27328615384615385,-0.12912206385205746,-0.04497327708088594,0
0.010312710036057693,0.07802252794673277,0.07870112359735724,0.22718215384615387,-0.08076891079854981,-0.32585137573742706,0
0.009995304987980768,0.07208291047114988,0.07277260544871651,0.20944984615384615,-0.18073093200608245,-0.3019274156710061,0
0.01038971844951923,0.07429910788296751,0.07502202131151309,0.25847446153846154,-0.08984240762975422,-0.09885151303180217,0
0.010656803185096153,0.07529114521487278,0.07604159389369042,0.25847446153846154,-0.06434035354422074,-0.08788399935472047,0
0.010887013521634615,0.07402297536188648,0.07481930195375194,0.21654276923076923,-0.07527848996275917,-0.27265990342369006,0
0.010930305288461539,0.07297333732615383,0.07378739414165271,0.21654276923076923,-0.03784591471048317,-0.2585362519692018,0
0.010577451923076924,0.0728203016668133,0.07358450124877314,0.23093723076923076,-0.048033533306230454,-0.25066808620696124,0
0.011930192307692308,0.07357072688163921,0.07453174721144858,0.23093723076923076,-0.032935185850831786,-0.3740632081940216,0
0.012699868990384614,0.07371545565867076,0.07480143765555838,0.22447015384615385,-0.09690395512330131,-0.3546547649828171,0
0.011904930288461539,0.07467677328843873,0.0756197582245937,0.22447015384615385,-0.11443254469469342,-0.2824406867173521,0
0.011657708834134615,0.07386704894685987,0.07478130177644177,0.241368,0.001762163371397833,-0.28270150064317967,0
0.013274274338942307,0.07529445701422903,0.0764556186051299,0.2572227692307692,-0.01937771735888307,-0.26777250820117393,0
0.014281902944711537,0.07455914762698118,0.07591468399844746,0.2572227692307692,-0.036520945125926824,-0.28344078164487296,0
0.014027347355769229,0.0753623993061515,0.07665675249460566,0.22697353846153845,0.04213737964391481,-0.45930232031445906,0
0.015080406850961538,0.07616972089333121,0.07764821344859459,0.21237046153846154,-0.003740486521779345,-0.4470562229835342,0
0.013584447115384616,0.07452294685746665,0.07575095254682597,0.2561796923076923,-0.022476669392448988,-0.3044306344234604,0
0.013544720552884615,0.07329085703740795,0.07453193396211791,0.25972615384615383,0.00040030614043175863,-0.28213133650119504,0
0.013633545072115383,0.07352676894367488,0.07478007289732977,0.25972615384615383,0.03600957480526975,-0.28767397352257706,0
0.01342207752403846,0.07680512571572487,0.07796909324385913,0.24512307692307692,0.04171383375809578,-0.23902444988341864,0
0.013965109074519231,0.07825442802787129,0.07949075277937999,0.24512307692307692,-0.021960610455758728,-0.30280103427292193,0
0.014223128004807694,0.07591669795289185,0.0772375711575122,0.23615261538461538,-0.008183906842507555,-0.3640333702113727,0
0.014745786959134616,0.07306707641964125,0.07454016292950986,0.22426153846153846,0.0017693934996603775,-0.3261947066927524,0
0.014150805288461538,0.07480485802699934,0.07613154454463326,0.22655630769230767,0.008029491966844842,-0.42179577920583,0
0.01489735907451923,0.07379725802427886,0.07528589907344636,0.24053353846153847,0.06245784204549153,-0.3732121352894371,0
0.015021631911057692,0.07376867183752893,0.07528257680196887,0.24866953846153847,0.0025440037698709695,-0.20590646782530753,0
0.014263058293269232,0.0728256128229569,0.07420919562235141,0.24866953846153847,0.041441031738329887,-0.21185607490733727,0
0.014204283353365385,0.06999038335796044,0.07141719280521294,0.22280123076923075,0.02328519964455227,-0.2666225637047912,0
0.01415172205528846,0.07256791827648663,0.07393493085215526,0.23260615384615385,-0.033048103923014924,-0.2124247070299492,0
0.013832890925480769,0.07461113146076694,0.07588260544559663,0.23260615384615385,0.05305644659603289,-0.1907772489988493,0
0.014008400841346153,0.0727540715699803,0.07409041924663162,0.23677846153846152,0.04382366529045797,-0.18891883618437433,0
0.013135333233173075,0.0719965464684112,0.07318496896579647,0.23677846153846152,0.02328822019973906,-0.2823845108392957,0
0.012883426081730768,0.07323371738892101,0.07435832186247732,0.24011630769230768,0.03068245793463344,-0.27163951092506666,0
0.01380233203125,0.07034163683154492,0.0716829843243278,0.24011630769230768,0.010830049023643429,-0.20109641124078736,0
0.015039050480769232,0.07254083204090253,0.07408336758375361,0.23364923076923078,0.04927794471979384,-0.2976972427944964,0
0.014727247896634616,0.07317361031999302,0.07464093433144521,0.2605606153846154,0.10307438778532517,-0.1160526273637732,0
0.01347382391826923,0.07314489019398088,0.07437552616600467,0.2605606153846154,-0.015950339507669598,-0.05282920361126697,0
0.013945143930288461,0.0744274496331545,0.07572260097310585,0.23135446153846154,-0.024193667351265803,-0.2506191977954506,0
0.01348044501201923,0.07398111936921255,0.07519925811365262,0.23448369230769228,0.06108342512893557,-0.21299152216394646,0
0.01380885126201923,0.07412611884499673,0.07540136516137588,0.24741784615384615,0.05233242936029774,-0.0795758593458169,0
0.013128915865384616,0.07078175046394608,0.07198905910303788,0.24741784615384615,0.008340901321284285,-0.12045415701796536,0
0.012974287860576923,0.0696541188799333,0.0708521589115603,0.22342707692307692,-0.10307142070081904,-0.20088161892917933,0
0.013585262019230769,0.07138916151230427,0.07267029465717763,0.22801661538461537,-0.06556298057485453,-0.1160381460947506,0
0.013732963341346154,0.07413860130007421,0.07539977775077407,0.22989415384615383,-0.011182054314721726,-0.08164341733031888,0
0.013825760516826924,0.07231168257173697,0.07362153958064377,0.22989415384615383,-0.017812584250660412,-0.15191650704247106,0
0.013278552584134615,0.07007306896260933,0.07132008800168597,0.2290596923076923,0.05226196408514754,-0.3052030831973478,0
0.01376107752403846,0.06940016875748035,0.07075132986869821,0.2438713846153846,0.08031747251553205,-0.1165490947435801,0
0.01317852313701923,0.07107467274037718,0.0722861160751127,0.2438713846153846,0.0515208449460468,-0.20287629097303883,0
0.012466908353365384,0.07188492016733672,0.07295797112965507,0.21529107692307692,-0.022120961024289627,-0.2732937598848042,0
0.01228742578125,0.07158916891633556,0.0726360099293825,0.24303692307692307,-0.11082908321701729,-0.1373553868283377,0
0.0125668359375,0.07330202592160918,0.07437144861902521,0.24303692307692307,-0.03175605951645349,-0.2741693216835541,0
0.011617065504807692,0.07200869203462201,0.07293975554853491,0.22467876923076924,-0.04198363475775494,-0.23922604918928547,0
0.012208685697115385,0.07266736294511995,0.0736858035434828,0.22467876923076924,-0.012727833382239932,-0.22320369794348327,0
0.012544731670673076,0.07244117435332074,0.0735193446269579,0.21654276923076923,0.022579997384144745,-0.35861458026749293,0
0.010941306490384616,0.07279331715723554,0.07361099924923185,0.21654276923076923,-0.07727261707091036,-0.3811585054179032,0
0.011520703125,0.07484467366541302,0.07572616309160628,0.20339999999999997,-0.021925316497923692,-0.4399909167696836,0
0.011617880408653846,0.07404592124888756,0.07495180850910965,0.2056947692307692,0.05418545069860167,-0.5382063607060759,0
0.03430252405345559,0.6707134842360616,0.671590084123132,3.547583233532934,0.132065806034426,4.687039490939582,3
0.03455890664959144,0.6695566298731637,0.6704479089652856,3.547583233532934,0.1511413694412891,4.679958091326122,3
0.03412743833621819,0.6875495339455133,0.6883959933614409,3.325047105788423,0.04854986900482621,4.73508191299641,3
0.034090557313108165,0.6981060958491184,0.6989379708955701,3.325047105788423,0.022612372397915696,4.531965425305517,3
0.034367164986433385,0.679948166034147,0.6808161356213618,3.256012175648703,0.10758528943620835,4.429104865290267,3
0.033847856386835705,0.6736629824726716,0.6745127807061619,3.4923552894211576,0.13616316887449958,4.658715202732171,3
0.03347944272587637,0.675161288024295,0.675990856396638,3.4923552894211576,0.051990759281477124,4.8535122165655205,3
0.03398784564659743,0.681825771483918,0.6826723638110281,3.2093120758483034,0.03489349337380618,4.747378705466759,3
0.03348142557658121,0.6861598157624156,0.6869761994609073,3.2093120758483034,0.04460741604220688,4.358079714564154,3
0.03232542361565931,0.6833179837743556,0.6840821587802026,3.10494750499002,0.07356233100114674,4.152816782299664,3
0.032209228564355666,0.661293475516956,0.6620774087416107,3.132155389221557,0.06627422159710428,4.455220416010087,3
0.03242159187484406,0.6587343858907775,0.6595317663119789,3.132155389221557,-0.026051408595957923,4.631270562708629,3
0.032572090243341435,0.6575349091353986,0.6583411712740721,3.0988561876247505,-0.004373445429993277,4.613577948057833,3
0.0320087623580963,0.6607806753327109,0.661555486532196,3.239362574850299,0.03377370764886564,4.345751121934552,3
0.031055804309350045,0.6658132721372904,0.6665371530045914,3.239362574850299,0.06161531858929247,4.2366913349057285,3
0.03093009157466317,0.6458303304851051,0.6465705578970613,3.366874151696607,0.09758576022562677,4.428410168340133,3
0.03108534878485217,0.6356187114686426,0.6363783821580785,3.366874151696607,0.07356833342562105,4.571128637166346,3
0.030134373586810752,0.6289033420502393,0.6296248836517104,3.1666728542914173,0.08502567350035282,4.58337404535562,3
0.02916000075045222,0.6440495701852079,0.6447093566092533,3.1666728542914173,0.09681943608654162,4.465826958481639,3
0.02952008643845122,0.6492710256183583,0.6499417667844163,3.1646424151696606,0.07924272246551849,4.156763339815133,3
0.029739588011477046,0.6450431980837348,0.6457284030373642,2.9896185628742518,0.051131409331773764,4.325018154164563,3
0.028885970783043287,0.642712131619682,0.6433609278151684,2.9896185628742518,0.023423363144975354,4.6506106632974085,3
0.028272278489895213,0.6365191717235972,0.6371467473845445,3.0623082834331337,0.023887814157290382,4.714698459475394,3
0.028201292434661924,0.6376550207351225,0.6382783392562329,3.0623082834331337,0.028376045196730634,4.659112663162692,3
0.02815945428478979,0.6483864103814179,0.6489976055679385,3.3295140718562872,0.005072876229414141,4.708233119561249,3
0.02769189808858845,0.6667835687592865,0.6673583511031528,3.3295140718562872,0.02005352912291453,4.683930024106965,3
0.027488457606271832,0.6541411756434907,0.6547184837575765,3.3144888223552895,0.08668820435198023,5.024112069487219,3
0.027464465112743263,0.6558757780439088,0.6564505564538976,3.3144888223552895,0.11357034019114892,4.8893908618918545,3
0.02710933655150636,0.6639877274327949,0.6645409079278944,3.248702594810379,0.08514345026837429,4.8766043081126975,3
0.026730612066881862,0.6864337997601662,0.6869540647486192,3.1427136726546907,0.06478899266850832,4.588375967984661,3
0.026933655979057513,0.683135851112305,0.6836665948394228,3.283626147704591,0.050370343185294104,4.624032510251272,3
0.02650773964765781,0.6902376920047129,0.6907465032305418,3.283626147704591,0.047771865164172214,4.802605634905984,3
0.025663640102607285,0.6900982631465383,0.6905752929414614,3.2267738522954095,0.052633845880605705,4.755767712162795,3
0.025876994838448103,0.688902079744495,0.6893879128169855,3.1073840319361277,0.024036106498029283,4.446840557767065,3
0.02654660352147268,0.6979541091880531,0.6984587752265806,3.4253507984031937,0.045200160675804346,4.582334311185105,3
0.02523712891599613,0.6919090237988387,0.6923691283485888,3.4253507984031937,0.07299113747223532,4.737020619680873,3
0.02384774542711452,0.6975223535168865,0.6979299023667727,3.2328651696606787,0.05498991869838881,4.361777416888889,3
0.024567916803112527,0.6879401120814612,0.6883786605834742,3.2426112774451097,0.05470538662530666,4.621854532377576,3
0.025006523379023204,0.6930084997702176,0.6934595207834942,3.2600730538922154,0.03912112651846799,4.679391789542511,3
0.02486038728207647,0.6960858076371542,0.6965296048623375,3.2600730538922154,0.013122161680004732,4.812768315689546,3
0.02479257378797093,0.7033570562499363,0.703793876281691,3.206063373253493,-0.017886637385289606,4.55779228061845,3
0.02486316327306325,0.709326462634913,0.7097620780811705,3.347788023952096,0.02694454504996579,4.374685936515101,3
0.02426077322893276,0.6901674502337504,0.6905937260646248,3.347788023952096,0.09305487728341999,4.613739928692283,3
0.02416539811002994,0.6917631742381531,0.6921851310869525,3.4635230538922155,0.020008784715204262,4.745585679877975,3
0.02440710761094998,0.6855579342814053,0.6859922653777667,3.4635230538922155,0.012087217403551785,4.72077933806105,3
0.023899101260369884,0.6963333352799157,0.6967433393030068,3.211748602794411,0.07910242885946481,4.448256301316746,3
0.024256807527523076,0.6985958538667077,0.69901685226551,3.211748602794411,0.07145350589649731,4.23515432699258,3
0.0245272683636633,0.6780142700242029,0.6784577637921434,3.2353016966067867,0.059174480471108966,4.389094036216649,3
0.02374384405018089,0.663032630978958,0.6634576398483617,3.2353016966067867,0.06394731652464614,4.75440408710521,3
0.023982182704902696,0.658562389194413,0.6589989116445829,3.3006818363273456,0.08845455288377756,4.807636881212468,3
0.024477498810971807,0.6652136196213067,0.6656638098002036,3.3006818363273456,0.14068060418839623,4.648625463616447,3
0.023762086276665418,0.673283153308852,0.6737023387770973,3.1577389221556884,0.08710471638565039,4.213481228809972,3
0.023113495811112147,0.6744796928371161,0.674875610567059,3.1577389221556884,0.060258551266330694,4.290210572683549,3
0.023619321025916913,0.6504039344361779,0.6508326591803651,3.241799101796407,0.0820231755318117,4.708858400060706,3
0.02390465324234344,0.6466319376657937,0.6470736397474831,3.241799101796407,0.045896312215371875,4.56719399525838,3
0.023156523671407185,0.6519040958678696,0.6523152418868112,3.2015964071856287,0.06121072233444823,4.475576063827186,3
0.023433131344732405,0.6642912809052203,0.6647044587869994,3.2015964071856287,0.04841139536691822,4.299332433712977,3
0.02321144863593126,0.661133708419395,0.6615410431380354,3.061496107784431,0.03551668545964467,4.114743830542079,3
0.022668544112945985,0.6537881607394583,0.6541810315312455,3.278347005988024,0.06792887404306601,4.210444936710335,3
0.02289419252315681,0.6450937186675609,0.645499845015961,3.278347005988024,0.05341360212851641,4.600181505991894,3
0.02298163623924027,0.6431023936149005,0.643512893637297,3.466771756487026,0.05157007292819976,4.6213255583274115,3
0.022167081169691866,0.6540158959065302,0.6543914513393378,3.466771756487026,0.04108807125480859,4.638203074745436,3
0.02180104692957834,0.648720592766325,0.6490868147839068,3.3270775449101797,0.08868941860917127,4.676552743983935,3
0.022607274026166413,0.6517710881851121,0.6521630472764455,3.3307323353293414,0.1139172399785518,4.652181451153999,3
0.022011427389361897,0.647832427707929,0.6482062614057861,3.3307323353293414,0.01876775454596889,4.956704019827716,3
0.021483394246662922,0.6463099127276551,0.6466668690433945,3.2020024950099804,-0.0006072158026094172,4.813969190843849,3
0.020903608700567615,0.6421695062757627,0.6425096385636275,3.1573328343313376,-0.01768703736149801,4.86902673271359,3
0.0212353396234874,0.6644796652264914,0.6648188965037283,3.3408845309381237,0.03418916789971514,4.495508585396534,3
0.021495687921032937,0.6674203784724,0.667766445847229,3.3408845309381237,0.05796387309678536,4.261305189028264,3
0.020881202487602925,0.6605446606599361,0.660874627553274,3.3238288423153692,0.01352725195915327,4.739166335105307,3
0.02113381766739958,0.6577545636463233,0.6580939934741573,3.1975355289421157,0.07362405418051836,4.82369648152513,3
0.020829846654347558,0.6538845287274723,0.6542162176381691,3.1999720558882236,0.10468975878212278,4.9318783081189945,3
0.01951323378633358,0.6728114219306147,0.6730943290305571,3.4087011976047905,0.02437968324342649,5.13038020962705,3
0.01962129914974738,0.6746823784298794,0.6749676341456107,3.4087011976047905,0.04066880587583855,4.73673452594977,3
0.019953426642808136,0.6845589662484637,0.6848497043190974,3.093983133732535,0.11789583960030234,4.179022067346007,3
0.019100800839726796,0.6762641134490922,0.6765338067915051,3.5041318363273453,0.11635752486643446,4.830939123241268,3
0.018844021673449972,0.6798747147587584,0.680135813585149,3.5041318363273453,0.07447847229540047,5.299530700835256,3
0.017596213724893957,0.6900515343976192,0.6902758483837899,3.3376358283433136,0.036122293143300434,4.869660089155164,3
0.018412355075006236,0.693778111687716,0.6940223937859505,3.3595645708582835,0.07034600617658064,4.4705537736775485,3
0.019810463106989147,0.701291103798,0.7015708565175227,3.630425149700599,0.11747365329470565,4.572013618288263,3
0.01871355009707148,0.6836644463257939,0.6839205159425984,3.630425149700599,0.09062603758577761,4.925922256028515,3
0.018162317601125876,0.68936647520387,0.6896056894455351,3.3043366267465073,0.08619213304713019,5.110063141493341,3
0.01822517396846931,0.6904945254138674,0.6907350046093674,3.301900099800399,0.0738836633223059,5.020168860146652,3
0.018329868485684873,0.7093554843807123,0.7095922683483081,3.430223852295409,0.01934246358346942,4.549494374581147,3
0.018349498707662795,0.7145687357937265,0.7148042964872742,3.430223852295409,0.03831108010028396,4.28751241495808,3
0.018265624122848052,0.6960298943108167,0.6962695216645088,3.2641339321357283,0.05029350627903469,4.4660104838962145,3
0.017868062556527568,0.6835793148900288,0.683812801434022,3.278347005988024,0.04214883316339331,4.792797588948436,3
0.017784386256783306,0.681587028741694,0.6818190098137931,3.346163672654691,0.04288439387744088,4.866516243208749,3
0.01814407537464134,0.6916547513345541,0.6918926958097364,3.346163672654691,-0.00806001577515527,4.618919989469187,3
0.01771458991197293,0.6795736906963906,0.679804536453283,3.1386527944111773,0.0012919475656567206,4.424475733716216,3
0.01773580641451472,0.6766983745841993,0.6769307564249615,3.1386527944111773,0.04610134379313753,4.281834280042961,3
0.017851010040465944,0.6678217440071698,0.6680602819568325,3.0639326347305387,0.028070242445950182,4.38282950580906,3
0.017616240517012854,0.6653038921237732,0.6655370769573957,3.2214947105788423,0.01473658388734159,4.675100113617004,3
0.018191267221416542,0.6648935675671404,0.665142374529905,3.2214947105788423,-0.010692686344840411,4.801330385060562,3
0.017738185835360527,0.6696548656471046,0.6698897538562383,3.192256387225549,0.006988782923842003,4.521041049082046,3
0.016700956631658558,0.6623882927159801,0.6625988019002174,3.192256387225549,0.08620204568732082,4.4609735829973225,3
0.016844713307759482,0.6496446158469148,0.6498629634509926,3.052968263473054,0.07633536577836934,4.5542909675727605,3
0.01688397375171532,0.6419589780125062,0.6421809698367821,3.143525848303393,-0.009047456614116331,4.733209574141415,3
0.016667049884605788,0.6411204404833281,0.641337048483395,3.227586027944112,0.03459633041956122,4.80882022217389,3
0.016899836557354043,0.6483408171692537,0.6485610377469194,3.227586027944112,0.14833177679674087,4.722203665450147,3
0.016491765882297907,0.6425445947118816,0.6427562014756237,3.016014271457086,0.10427981084664471,4.765140472677251,3
0.0167314925325131,0.6431271194234014,0.6433447245297093,3.383117664670659,-0.031127112525002474,4.887671288975816,3
0.01704954178556949,0.6371439231225494,0.6373719994219161,3.383117664670659,-0.015412363151765822,5.135832805278969,3
0.017089793654877748,0.6374228723802524,0.637651926430602,3.278347005988024,0.08144618687302786,4.741522796686677,3
0.016965865485825224,0.6467510134684233,0.6469735033323357,3.379462874251497,0.10726767571043591,4.799830343690789,3
0.01760910225447542,0.6620999525229656,0.6623340755337309,3.379462874251497,0.08841090705360989,4.814547761273641,3
0.018239252208473673,0.6515574262990322,0.6518126648712368,3.2109364271457084,0.08576730816357911,4.61005416963879,3
0.017719348753664543,0.6455882191592981,0.6458313433378159,3.2405808383233534,0.06457420756826501,4.693638786229001,3
0.0177558332066336,0.6474495587568511,0.6476929834013203,3.4058585828343313,0.052881223734647924,4.944573006183298,3
0.016986090563014596,0.6520312451945057,0.6522524603115826,3.4058585828343313,0.12528078472448545,4.823858085221349,3
0.016547682272174406,0.6780832482905736,0.6782851298686096,3.1451501996007987,0.10813568105621676,4.446409331098164,3
0.017628137621241893,0.6687242930356874,0.6689565989898547,3.3230166666666667,0.024369240594911853,4.746259301663664,3
0.017611481675321228,0.6639564336007506,0.6641899653010638,3.35225499001996,0.04784162462518462,5.01466611626094,3
0.01668648182151322,0.654768700554733,0.6549812897340758,3.35225499001996,0.08876906500693474,4.90004411518381,3
0.016260367205043036,0.6616821757961457,0.6618819391008977,3.372559381237525,0.10020101512794936,4.957627863146731,3
0.015882634145770957,0.6895904793368278,0.6897733593430558,3.372559381237525,0.056159870064326524,5.008533141955788,3
0.015718454107410178,0.6871991970782254,0.6873789393518573,3.275098303393214,0.007286329590297541,4.622359822965784,3
0.015657778875842063,0.685918766760597,0.6860974570960768,3.2450478043912176,0.07153224316082119,4.451787263279833,3
